custom_id,final_decision
semantic_pair::10564_T02_003::10564_T02_006,keep_B
semantic_pair::12027_T02_003::12027_T02_004,keep_A
semantic_pair::12307_T03_003::12307_T03_006,keep_A
semantic_pair::13157_T03_001::13157_T03_004,keep_B
semantic_pair::15321_T02_002::15321_T02_006,keep_B
semantic_pair::15360_T03_001::15360_T03_004,keep_B
semantic_pair::15418_T02_001::15418_T02_005,keep_A
semantic_pair::17520_T02_002::17520_T02_004,keep_B
semantic_pair::18251_T01_002::18251_T01_007,keep_A
semantic_pair::21067_T02_002::21067_T02_004,keep_B
semantic_pair::2113_T02_002::2113_T02_007,keep_B
semantic_pair::22843_T02_004::22843_T02_006,keep_A
semantic_pair::23941_T03_002::23941_T03_004,keep_A
semantic_pair::25135_T03_006::25135_T03_010,keep_B
semantic_pair::25535_T02_001::25535_T02_005,keep_B
semantic_pair::26195_T01_002::26195_T01_006,keep_A
semantic_pair::27357_T02_004::27357_T02_005,keep_A
semantic_pair::27748_T01_002::27748_T01_003,keep_B
semantic_pair::27847_T03_006::27847_T03_007,keep_B
semantic_pair::28329_T01_001::28329_T01_004,keep_B
semantic_pair::30217_T02_003::30217_T02_008,keep_A
semantic_pair::30217_T02_007::30217_T02_008,keep_A
semantic_pair::30683_T02_001::30683_T02_003,keep_B
semantic_pair::30955_T02_004::30955_T02_005,keep_A
semantic_pair::31020_T01_003::31020_T01_005,keep_A
semantic_pair::32064_T03_001::32064_T03_003,keep_both
semantic_pair::33470_T02_001::33470_T02_003,keep_B
semantic_pair::33515_T03_001::33515_T03_006,keep_B
semantic_pair::33995_T01_001::33995_T01_002,keep_both
semantic_pair::342_T01_002::342_T01_004,keep_B
semantic_pair::34797_T03_001::34797_T03_002,keep_B
semantic_pair::34819_T02_005::34819_T02_007,keep_A
semantic_pair::34819_T03_001::34819_T03_004,keep_A
semantic_pair::34935_T03_001::34935_T03_002,keep_A
semantic_pair::35274_T03_001::35274_T03_002,keep_B
semantic_pair::35715_T03_001::35715_T03_004,keep_B
semantic_pair::36636_T01_001::36636_T01_008,keep_A
semantic_pair::41433_T01_004::41433_T01_006,keep_A
semantic_pair::41580_T03_005::41580_T03_009,keep_B
semantic_pair::4158_T03_004::4158_T03_006,keep_B
semantic_pair::422_T01_002::422_T01_003,keep_B
semantic_pair::422_T03_002::422_T03_003,keep_A
semantic_pair::43047_T03_003::43047_T03_004,keep_B
semantic_pair::4368_T03_001::4368_T03_002,keep_A
semantic_pair::445_T03_001::445_T03_005,keep_B
semantic_pair::45328_T02_003::45328_T02_005,keep_B
semantic_pair::45373_T01_003::45373_T01_004,keep_A
semantic_pair::46973_T01_002::46973_T01_004,keep_both
semantic_pair::48488_T01_003::48488_T01_004,keep_B
semantic_pair::48700_T01_002::48700_T01_003,keep_A
semantic_pair::49516_T02_002::49516_T02_006,keep_B
semantic_pair::49571_T03_005::49571_T03_007,keep_both
semantic_pair::51540_T01_003::51540_T01_005,keep_B
semantic_pair::53277_T03_004::53277_T03_005,keep_A
semantic_pair::53478_T03_001::53478_T03_002,keep_B
semantic_pair::53893_T03_003::53893_T03_004,keep_A
semantic_pair::54542_T01_002::54542_T01_007,keep_B
semantic_pair::54542_T01_003::54542_T01_008,keep_B
semantic_pair::55726_T02_002::55726_T02_005,keep_A
semantic_pair::58314_T01_001::58314_T01_006,keep_B
semantic_pair::59248_T03_004::59248_T03_008,keep_A
semantic_pair::59457_T02_002::59457_T02_004,keep_A
semantic_pair::6048_T02_001::6048_T02_003,keep_B
semantic_pair::61302_T02_001::61302_T02_002,keep_A
semantic_pair::6143_T01_002::6143_T01_004,keep_A
semantic_pair::62026_T01_003::62026_T01_005,keep_A
semantic_pair::62580_T03_002::62580_T03_005,keep_A
semantic_pair::62693_T01_005::62693_T01_007,keep_B
semantic_pair::62872_T01_001::62872_T01_004,keep_B
semantic_pair::63249_T01_001::63249_T01_004,keep_A
semantic_pair::63642_T03_002::63642_T03_003,keep_A
semantic_pair::64225_T01_001::64225_T01_004,keep_A
semantic_pair::65128_T03_002::65128_T03_003,keep_A
semantic_pair::65716_T02_001::65716_T02_003,keep_B
semantic_pair::66639_T01_006::66639_T01_008,keep_A
semantic_pair::69266_T03_003::69266_T03_004,keep_B
semantic_pair::70149_T03_003::70149_T03_006,keep_A
semantic_pair::71456_T02_004::71456_T02_008,keep_A
semantic_pair::7417_T01_002::7417_T01_003,keep_B
semantic_pair::9107_T02_002::9107_T02_005,keep_A
semantic_pair::9142_T01_001::9142_T01_005,keep_A
semantic_pair::9758_T02_003::9758_T02_005,keep_A
semantic_pair::9898_T02_004::9898_T02_007,keep_both
