pair_id,manual_relation
gemini3_1pro_10596_T03_003_001,no_match
gemini3_1pro_11096_T03_008_002,no_match
gemini3_1pro_1134_T02_003_003,B_broader
gemini3_1pro_1134_T03_006_001,no_match
gemini3_1pro_11631_T02_001_002,A_broader
gemini3_1pro_12185_T03_002_001,equivalent
gemini3_1pro_12307_T03_007_001,no_match
gemini3_1pro_1245_T03_005_002,no_match
gemini3_1pro_1245_T03_005_003,partial_overlap
gemini3_1pro_12732_T03_004_004,partial_overlap
gemini3_1pro_12808_T03_001_002,no_match
gemini3_1pro_13173_T02_004_003,no_match
gemini3_1pro_13294_T02_001_004,partial_overlap
gemini3_1pro_13553_T02_003_003,A_broader
gemini3_1pro_14423_T02_008_002,no_match
gemini3_1pro_15321_T01_001_001,equivalent
gemini3_1pro_15321_T01_006_002,equivalent
gemini3_1pro_1622_T01_002_003,equivalent
gemini3_1pro_16595_T01_005_002,no_match
gemini3_1pro_16725_T01_002_002,related_but_different
gemini3_1pro_17437_T03_003_001,partial_overlap
gemini3_1pro_18281_T03_003_002,equivalent
gemini3_1pro_18404_T03_002_001,no_match
gemini3_1pro_193_T02_001_001,equivalent
gemini3_1pro_193_T02_001_002,no_match
gemini3_1pro_19619_T02_002_003,no_match
gemini3_1pro_21799_T02_001_002,partial_overlap
gemini3_1pro_23151_T01_004_003,partial_overlap
gemini3_1pro_233_T02_002_004,partial_overlap
gemini3_1pro_25017_T03_004_001,no_match
gemini3_1pro_25017_T03_004_002,no_match
gemini3_1pro_25974_T02_005_003,no_match
gemini3_1pro_25974_T03_004_002,no_match
gemini3_1pro_26007_T01_002_004,no_match
gemini3_1pro_26968_T01_002_001,no_match
gemini3_1pro_28003_T02_001_001,A_broader
gemini3_1pro_28003_T02_001_003,no_match
gemini3_1pro_28329_T02_002_002,equivalent
gemini3_1pro_29530_T01_001_003,equivalent
gemini3_1pro_29990_T01_004_001,no_match
gemini3_1pro_30620_T02_006_001,no_match
gemini3_1pro_33052_T01_004_001,no_match
gemini3_1pro_34028_T01_005_001,no_match
gemini3_1pro_34573_T02_001_002,related_but_different
gemini3_1pro_36073_T01_003_002,related_but_different
gemini3_1pro_36475_T01_005_001,no_match
gemini3_1pro_36475_T02_001_001,equivalent
gemini3_1pro_36475_T02_004_001,equivalent
gemini3_1pro_36676_T02_005_001,partial_overlap
gemini3_1pro_36822_T01_005_001,no_match
gemini3_1pro_3710_T02_001_001,no_match
gemini3_1pro_37451_T02_001_004,related_but_different
gemini3_1pro_38193_T01_002_001,no_match
gemini3_1pro_38467_T02_006_004,no_match
gemini3_1pro_39279_T01_005_002,no_match
gemini3_1pro_39279_T01_005_005,no_match
gemini3_1pro_39279_T02_005_005,no_match
gemini3_1pro_39385_T01_003_002,equivalent
gemini3_1pro_39710_T02_003_001,B_broader
gemini3_1pro_4128_T03_001_002,no_match
gemini3_1pro_41836_T02_002_002,no_match
gemini3_1pro_42537_T01_001_002,no_match
gemini3_1pro_44800_T03_002_001,no_match
gemini3_1pro_45798_T02_003_002,no_match
gemini3_1pro_45798_T02_003_003,no_match
gemini3_1pro_46196_T03_001_001,equivalent
gemini3_1pro_46999_T01_003_003,no_match
gemini3_1pro_47950_T01_007_002,contradiction
gemini3_1pro_48178_T01_004_001,no_match
gemini3_1pro_48697_T03_003_001,no_match
gemini3_1pro_48875_T03_001_003,no_match
gemini3_1pro_49000_T01_003_001,contradiction
gemini3_1pro_4938_T01_002_003,equivalent
gemini3_1pro_49571_T03_003_002,no_match
gemini3_1pro_50219_T01_004_001,no_match
gemini3_1pro_51226_T03_006_002,no_match
gemini3_1pro_51326_T01_003_004,no_match
gemini3_1pro_53276_T01_004_004,equivalent
gemini3_1pro_54160_T02_003_004,no_match
gemini3_1pro_54160_T03_007_003,no_match
gemini3_1pro_55027_T02_002_001,no_match
gemini3_1pro_56376_T01_001_001,no_match
gemini3_1pro_56482_T02_004_003,no_match
gemini3_1pro_57450_T01_002_002,related_but_different
gemini3_1pro_57750_T01_003_001,no_match
gemini3_1pro_57907_T01_004_003,partial_overlap
gemini3_1pro_58124_T02_004_004,no_match
gemini3_1pro_58952_T01_006_001,contradiction
gemini3_1pro_63249_T03_001_001,related_but_different
gemini3_1pro_64225_T02_003_002,no_match
gemini3_1pro_66433_T01_003_003,related_but_different
gemini3_1pro_67029_T01_004_002,no_match
gemini3_1pro_68681_T02_001_002,contradiction
gemini3_1pro_68918_T01_004_002,contradiction
gemini3_1pro_69125_T01_001_003,no_match
gemini3_1pro_6980_T01_003_002,no_match
gemini3_1pro_6980_T01_003_005,no_match
gemini3_1pro_70071_T02_003_002,related_but_different
gemini3_1pro_7051_T03_004_001,no_match
gemini3_1pro_70527_T03_002_004,partial_overlap
gemini3_1pro_71304_T01_005_003,contradiction
gemini3_1pro_7588_T01_002_001,contradiction
